nombre_del_articulo;vendedor_del_articulo;precio_del_articulo;enlace_del_articulo;image_urls
Anpro Cejilla Capo para Guitarra (plata) +6 Púas(0,46, 0.71mm cada 3pcs);Anpro;€0,99;/gp/slredirect/picassoRedirect.html/ref=pa_sp_atf_next_aps_sr_pg3_2?ie=UTF8&adId=A104830937ZYUYSDLXK2F&url=https%3A%2F%2Fwww.amazon.es%2FAnpro-Cejilla-Guitarra-plata-0-71mm%2Fdp%2FB071HLR6BG%2Fref%3Dsr_1_34_sspa%2F258-3166432-1050410%3Fie%3DUTF8%26qid%3D1510608864%26sr%3D8-34-spons%26keywords%3Dguitarras%26psc%3D1&qualifier=1510608864&id=1368552335193215&widgetName=sp_atf_next;https://images-eu.ssl-images-amazon.com/images/I/516lYBy-HQL._AC_US218_.jpg
Activision - Guitarra Guitar Hero Live (PlayStation 3);ACTIVISION;€7,99;https://www.amazon.es/Activision-Guitarra-Guitar-Hero-PlayStation/dp/B015FV4VVM/ref=sr_1_36/258-3166432-1050410?ie=UTF8&qid=1510608864&sr=8-36&keywords=guitarras;https://images-eu.ssl-images-amazon.com/images/I/415Z6NUg8fL._AC_US218_.jpg
King Do Way Cinta de Cobre 30mmx20m Un Lado Adhesiva Conductivo Para Guitarra EMI Blindaje, vidrieras, manualidades, soldadura;KING DO WAY;€7,99;https://www.amazon.es/30mmx20m-Conductivo-vidrieras-manualidades-soldadura/dp/B016Y58SJY/ref=sr_1_37/258-3166432-1050410?ie=UTF8&qid=1510608864&sr=8-37&keywords=guitarras;https://images-eu.ssl-images-amazon.com/images/I/41A1xeANa6L._AC_US218_.jpg
2x Color Aleatorio De Guitarra Inflable Para Fiesta Rock N Roll Regalo De Ninos;Desconocido;€19,99;https://www.amazon.es/Aleatorio-Guitarra-Inflable-Fiesta-Regalo/dp/B00D80R2WI/ref=sr_1_38/258-3166432-1050410?ie=UTF8&qid=1510608864&sr=8-38&keywords=guitarras;https://images-eu.ssl-images-amazon.com/images/I/41Pwfe-LN2L._AC_US218_.jpg
Classic Cantabile AS-851-4 - Guitarra clásica (tilo americano, tamaño 4/4);Classic Cantabile;€34,49;https://www.amazon.es/Classic-Cantabile-AS-851-4-Guitarra-americano/dp/B003DKMVQU/ref=sr_1_39/258-3166432-1050410?ie=UTF8&qid=1510608864&sr=8-39&keywords=guitarras;https://images-eu.ssl-images-amazon.com/images/I/411fMr3GwHL._AC_US218_.jpg
Additio Tab - Cuaderno de música para guitarra, color lila;Additio;€33,00;https://www.amazon.es/Additio-Tab-Cuaderno-m%C3%BAsica-guitarra/dp/B0731JK42B/ref=sr_1_40/258-3166432-1050410?ie=UTF8&qid=1510608864&sr=8-40&keywords=guitarras;https://images-eu.ssl-images-amazon.com/images/I/41eiZQjObPL._AC_US218_.jpg
Shubb L4 cejilla para guitarra eléctrica Lite;Shubb;€29,95;https://www.amazon.es/Shubb-cejilla-para-guitarra-el%C3%A9ctrica/dp/B004VDD4ZU/ref=sr_1_41/258-3166432-1050410?ie=UTF8&qid=1510608864&sr=8-41&keywords=guitarras;https://images-eu.ssl-images-amazon.com/images/I/41gTSXNPplL._AC_US218_.jpg
Guitarra (D.Azabagic);Various Artists;€7,99;https://www.amazon.es/Guitarra-D-Azabagic-Various-Artists/dp/B000025HLU/ref=sr_1_42/258-3166432-1050410?ie=UTF8&qid=1510608864&sr=8-42&keywords=guitarras;https://images-eu.ssl-images-amazon.com/images/I/51L-TzEbkGL._AC_US218_.jpg
La guitarra: Historia, organología y repertorio;Roberto Díaz Soto y ;€2,60;https://www.amazon.es/guitarra-Historia-organolog%C3%ADa-repertorio-ebook/dp/B072MS819C/ref=sr_1_43/258-3166432-1050410?ie=UTF8&qid=1510608864&sr=8-43&keywords=guitarras;https://images-eu.ssl-images-amazon.com/images/I/51bHt2SgYEL._AC_US218_.jpg
Acordes y Escalas Para Guitarra (Hal Leonard);Jeff Schroedl y ;€53,99;https://www.amazon.es/Acordes-Escalas-Para-Guitarra-Leonard/dp/145841177X/ref=sr_1_44/258-3166432-1050410?ie=UTF8&qid=1510608864&sr=8-44&keywords=guitarras;https://images-eu.ssl-images-amazon.com/images/I/51QH8fwAfhL._AC_US218_.jpg
1x Disfraz Rock n Roll Fiesta hinchable de color Guitarra Dorado;Henbrandt;€29,86;https://www.amazon.es/Disfraz-Fiesta-hinchable-Guitarra-Dorado/dp/B00BOMVA6G/ref=sr_1_45/258-3166432-1050410?ie=UTF8&qid=1510608864&sr=8-45&keywords=guitarras;https://images-eu.ssl-images-amazon.com/images/I/51GUxDPksfL._AC_US218_.jpg
Mugig Sintonizador Para Guitarra afinador Clip  Bajo Violín Ukulele Modos Cromáticos Con 360°Gran Full Pantalla Colorida  Digital Electrónica Batería Incluida(Negro);Mugig;€10,45;https://www.amazon.es/Mugig-Sintonizador-Guitarra-Crom%C3%A1ticos-Electr%C3%B3nica/dp/B01D4JQ3KE/ref=sr_1_46/258-3166432-1050410?ie=UTF8&qid=1510608864&sr=8-46&keywords=guitarras;https://images-eu.ssl-images-amazon.com/images/I/41DKOhROjFL._AC_US218_.jpg
Guitarra;Java Experience;€9,90;https://www.amazon.es/Java-Experience-Guitarra/dp/B00HKYWC3C/ref=sr_1_47/258-3166432-1050410?ie=UTF8&qid=1510608864&sr=8-47&keywords=guitarras;https://images-eu.ssl-images-amazon.com/images/I/614GuvFFVZL._AC_US218_.png
Silenciadores de guitarra FretWraps de Gruv Gear;GruvGear;€15,67;https://www.amazon.es/Silenciadores-guitarra-FretWraps-Gruv-Gear/dp/B00FNEB9XU/ref=sr_1_48/258-3166432-1050410?ie=UTF8&qid=1510608864&sr=8-48&keywords=guitarras;https://images-eu.ssl-images-amazon.com/images/I/51wcCLsrkLL._AC_US218_.jpg
Metrónomo y Afinador (Metro-Afinador) para Guitarra, Bajo, Violín, Ukulele con Pantalla Colorida  Incluye Baterías Recargables;Mugig;€8,17;/gp/slredirect/picassoRedirect.html/ref=pa_sp_btf_aps_sr_pg3_2?ie=UTF8&adId=A03784003LC72CD5D4WCK&url=https%3A%2F%2Fwww.amazon.es%2FMetr%25C3%25B3nomo-Afinador-Metro-Afinador-Guitarra-Recargables%2Fdp%2FB01DPAFZVK%2Fref%3Dsr_1_49_sspa%2F258-3166432-1050410%3Fie%3DUTF8%26qid%3D1510608864%26sr%3D8-49-spons%26keywords%3Dguitarras%26psc%3D1&qualifier=1510608864&id=1368552335193215&widgetName=sp_btf;https://images-eu.ssl-images-amazon.com/images/I/41ADk9jGRFL._AC_US218_.jpg
Huracán Ukulele Tenor Profesional Mate Pequeño Paquete de Guitarra con Gig Bag (26 pulgadas);Hricane;€7,99;/gp/slredirect/picassoRedirect.html/ref=pa_sp_btf_aps_sr_pg3_1?ie=UTF8&adId=A02818362OBRA8Y08I9HC&url=https%3A%2F%2Fwww.amazon.es%2FHurac%25C3%25A1n-Ukulele-Profesional-Guitarra-pulgadas%2Fdp%2FB0746DR6SM%2Fref%3Dsr_1_50_sspa%2F258-3166432-1050410%3Fie%3DUTF8%26qid%3D1510608864%26sr%3D8-50-spons%26keywords%3Dguitarras%26psc%3D1&qualifier=1510608864&id=1368552335193215&widgetName=sp_btf;https://images-eu.ssl-images-amazon.com/images/I/519ns087rUL._AC_US218_.jpg
Anpro Cejilla Capo para Guitarra (plata) +6 Púas(0,46, 0.71mm cada 3pcs);Anpro;€0,99;/gp/slredirect/picassoRedirect.html/ref=pa_sp_atf_next_aps_sr_pg2_2?ie=UTF8&adId=A104830937ZYUYSDLXK2F&url=https%3A%2F%2Fwww.amazon.es%2FAnpro-Cejilla-Guitarra-plata-0-71mm%2Fdp%2FB071HLR6BG%2Fref%3Dsr_1_18_sspa%2F258-6960117-4334608%3Fie%3DUTF8%26qid%3D1510608864%26sr%3D8-18-spons%26keywords%3Dguitarras%26psc%3D1&qualifier=1510608864&id=527829699222919&widgetName=sp_atf_next;https://images-eu.ssl-images-amazon.com/images/I/516lYBy-HQL._AC_US218_.jpg
ts-ideen 52071 - Guitarra clásica para niños completa con funda, correa y cuerdas de reemplazo, calidad estándar, tamaño 1/4, color negro;ts-ideen;€7,99;https://www.amazon.es/ts-ideen-52071-Guitarra-completa-reemplazo/dp/B00A9WQFS0/ref=sr_1_20/258-6960117-4334608?ie=UTF8&qid=1510608864&sr=8-20&keywords=guitarras;https://images-eu.ssl-images-amazon.com/images/I/41TL28Q8KQL._AC_US218_.jpg
Classic Cantabile AS-851 7/8 - Set de guitarra acústica para principiantes (funda, cueras de repuesto, libro de método con CD y DVD que no pueden estar en español, 3 púas y silbato afinador);Classic Cantabile;€3,48;https://www.amazon.es/Classic-Cantabile-AS-851-guitarra-principiantes/dp/B00DVM6JWM/ref=sr_1_21/258-6960117-4334608?ie=UTF8&qid=1510608864&sr=8-21&keywords=guitarras;https://images-eu.ssl-images-amazon.com/images/I/51Ci2vMvvwL._AC_US218_.jpg
Tocamos la Guitarra (Carisch Tunes);Guitar y ;€59,42;https://www.amazon.es/Tocamos-Guitarra-Carisch-Roberto-Fabbri/dp/8850704224/ref=sr_1_22/258-6960117-4334608?ie=UTF8&qid=1510608864&sr=8-22&keywords=guitarras;https://images-eu.ssl-images-amazon.com/images/I/51m-S2k1jeL._AC_US218_.jpg
GHS LS8089 - Limpiador y lubricante para cuerdas de guitarra;Desconocido;€13,96;https://www.amazon.es/GHS-LS8089-Limpiador-lubricante-guitarra/dp/B0002D0CQC/ref=sr_1_23/258-6960117-4334608?ie=UTF8&qid=1510608864&sr=8-23&keywords=guitarras;https://images-eu.ssl-images-amazon.com/images/I/41CwKd+uCSL._AC_US218_.jpg
Guitarra acústica WESTERN completa con accesorios y ecualizador activo de 4 bandas . Calidad Premium. NEGRA. Tamaño regular (4/4).;ts-ideen;€6,40;https://www.amazon.es/Guitarra-ac%C3%BAstica-completa-accesorios-ecualizador/dp/B00P1C95O4/ref=sr_1_24/258-6960117-4334608?ie=UTF8&qid=1510608864&sr=8-24&keywords=guitarras;https://images-eu.ssl-images-amazon.com/images/I/517+9wOW8KL._AC_US218_.jpg
Yafine 6 cuerda 6 Fret portátil de madera de bolsillo guitarra portátil de bolsillo de guitarra acústica práctica herramienta Gadget Chord entrenador para principiantes;Yafine;€79,90;https://www.amazon.es/Yafine-port%C3%A1til-herramienta-entrenador-principiantes/dp/B074Z6WNGW/ref=sr_1_25/258-6960117-4334608?ie=UTF8&qid=1510608864&sr=8-25&keywords=guitarras;https://images-eu.ssl-images-amazon.com/images/I/510hdiAHfeL._AC_US218_.jpg
Guitarra Clásica;Andres Segovia;€15,99;https://www.amazon.es/Guitarra-Cl%C3%A1sica-Andres-Segovia/dp/B071DPFJYC/ref=sr_1_26/258-6960117-4334608?ie=UTF8&qid=1510608864&sr=8-26&keywords=guitarras;https://images-eu.ssl-images-amazon.com/images/I/51o4IpzVIOL._AC_US218_.jpg
NAVARRA NV12 Guitarra clásica 4/4 negro con bordes crema incl. funda con correas tipo mochila y bolsillo para partituras/accesorios, 2 Púa;Navarra;€51,01;https://www.amazon.es/NV12-Guitarra-bolsillo-partituras-accesorios/dp/B00R41I0B4/ref=sr_1_27/258-6960117-4334608?ie=UTF8&qid=1510608864&sr=8-27&keywords=guitarras;https://images-eu.ssl-images-amazon.com/images/I/41EeQkg6SEL._AC_US218_.jpg
ammoon 2 Paquetes 1/4 Pulgadas Pedal de Efectos de Guitarra de 6.35mm Acoplador de Offset Jack Pedales Conector Pedal Guitarra Accesorio Junta;ammoon;€8,99;https://www.amazon.es/ammoon-Paquetes-Pulgadas-Acoplador-Accesorio/dp/B01M5G45GJ/ref=sr_1_28/258-6960117-4334608?ie=UTF8&qid=1510608864&sr=8-28&keywords=guitarras;https://images-eu.ssl-images-amazon.com/images/I/416poxOaa8L._AC_US218_.jpg
GUITARRA ESPAÑOLA;BBuy;€14,56;https://www.amazon.es/BBuy-5009574-GUITARRA-ESPA%C3%91OLA/dp/B003D3FUI8/ref=sr_1_29/258-6960117-4334608?ie=UTF8&qid=1510608864&sr=8-29&keywords=guitarras;https://images-eu.ssl-images-amazon.com/images/I/412KjHQ5BdL._AC_US218_.jpg
SUCK UK SK LUNCHGUITAR1 - Caja de almuerzo de estaño con forma de guitarra;Suck UK;€7,99;https://www.amazon.es/SUCK-UK-SK-LUNCHGUITAR1-almuerzo/dp/B016NGTYX8/ref=sr_1_30/258-6960117-4334608?ie=UTF8&qid=1510608864&sr=8-30&keywords=guitarras;https://images-eu.ssl-images-amazon.com/images/I/41RV-7PwKyL._AC_US218_.jpg
King Do Way Cinta de Cobre 30mmx20m Un Lado Adhesiva Conductivo Para Guitarra EMI Blindaje, vidrieras, manualidades, soldadura;KING DO WAY;€79,90;https://www.amazon.es/30mmx20m-Conductivo-vidrieras-manualidades-soldadura/dp/B016Y58SJY/ref=sr_1_31/258-6960117-4334608?ie=UTF8&qid=1510608864&sr=8-31&keywords=guitarras;https://images-eu.ssl-images-amazon.com/images/I/41A1xeANa6L._AC_US218_.jpg
Metrónomo y Afinador (Metro-Afinador) para Guitarra, Bajo, Violín, Ukulele con Pantalla Colorida  Incluye Baterías Recargables;Mugig;€8,99;/gp/slredirect/picassoRedirect.html/ref=pa_sp_btf_aps_sr_pg2_2?ie=UTF8&adId=A03784003LC72CD5D4WCK&url=https%3A%2F%2Fwww.amazon.es%2FMetr%25C3%25B3nomo-Afinador-Metro-Afinador-Guitarra-Recargables%2Fdp%2FB01DPAFZVK%2Fref%3Dsr_1_33_sspa%2F258-6960117-4334608%3Fie%3DUTF8%26qid%3D1510608864%26sr%3D8-33-spons%26keywords%3Dguitarras%26psc%3D1&qualifier=1510608864&id=527829699222919&widgetName=sp_btf;https://images-eu.ssl-images-amazon.com/images/I/41ADk9jGRFL._AC_US218_.jpg
